date,event_name,device,new_event_value_name,count
2019-03-04,Game_Launch,android,21点,44
2019-03-04,Game_Launch,android,百家乐,47
2019-03-04,Game_Launch,android,百练赛,23
2019-03-04,Game_Launch,android,百人牛牛,25
2019-03-04,Game_Launch,android,捕鱼王+2,20
2019-03-04,Game_Launch,android,超级狮子,4
2019-03-04,Game_Launch,android,大亨小传,2
2019-03-04,Game_Launch,android,德州扑克,69
2019-03-04,Game_Launch,android,斗地主,40
2019-03-04,Game_Launch,android,二八杠,3
2019-03-04,Game_Launch,android,发发发龙,3
2019-03-04,Game_Launch,android,番摊,28
2019-03-04,Game_Launch,android,瘋帽子先生,2
2019-03-04,Game_Launch,android,古代埃及经典版,2
2019-03-04,Game_Launch,android,古怪猴子,2
2019-03-04,Game_Launch,android,欢乐嘉年华,4
2019-03-04,Game_Launch,android,金钱蛙,3
2019-03-04,Game_Launch,android,竞咪厅,2
2019-03-04,Game_Launch,android,聚龙厅,25
2019-03-04,Game_Launch,android,篮球,329
2019-03-04,Game_Launch,android,龙虎,7
2019-03-04,Game_Launch,android,龙龙龙,3
2019-03-04,Game_Launch,android,满月财富,2
2019-03-04,Game_Launch,android,美国梦,16
2019-03-04,Game_Launch,android,妹妹很饿,24
2019-03-04,Game_Launch,android,魔术坊,7
2019-03-04,Game_Launch,android,牛牛,29
2019-03-04,Game_Launch,android,潘金莲+特别版,25
2019-03-04,Game_Launch,android,奇异马戏团,5
2019-03-04,Game_Launch,android,抢庄牛牛,67
2019-03-04,Game_Launch,android,三倍猴子,3
2019-03-04,Game_Launch,android,三公,8
2019-03-04,Game_Launch,android,森林舞会,20
2019-03-04,Game_Launch,android,深夜食堂,4
2019-03-04,Game_Launch,android,水牛闪电战,3
2019-03-04,Game_Launch,android,太阳神之许珀里翁,3
2019-03-04,Game_Launch,android,淘金热,4
2019-03-04,Game_Launch,android,天使老虎机,2
2019-03-04,Game_Launch,android,通比牛牛,5
2019-03-04,Game_Launch,android,骰宝,31
2019-03-04,Game_Launch,android,幸运卷轴+H5,4
2019-03-04,Game_Launch,android,虚拟运动,13
2019-03-04,Game_Launch,android,押庄龙虎,5
2019-03-04,Game_Launch,android,一路发发,2
2019-03-04,Game_Launch,android,银行爆破家2,7
2019-03-04,Game_Launch,android,猿人传奇,3
2019-03-04,Game_Launch,android,炸金花,77
2019-03-04,Game_Launch,android,真人百家乐,94
2019-03-04,Game_Launch,android,直播厅,46
2019-03-04,Game_Launch,android,足球,1844
2019-03-04,Game_Launch,android,ABT,28
2019-03-04,Game_Launch,android,AG,20
2019-03-04,Game_Launch,android,AGIN+百家乐,68
2019-03-04,Game_Launch,android,AGL,202
2019-03-04,Game_Launch,android,AGQ+百家乐,37
2019-03-04,Game_Launch,android,BSG,14
2019-03-04,Game_Launch,android,CW,8
2019-03-04,Game_Launch,android,DTG,6
2019-03-04,Game_Launch,android,GD+娱乐场,3
2019-03-04,Game_Launch,android,GD杭州娱乐场(百家乐简易版),2
2019-03-04,Game_Launch,android,GDL,59
2019-03-04,Game_Launch,android,IM+电子竞技,73
2019-03-04,Game_Launch,android,IM+体育博彩,446
2019-03-04,Game_Launch,android,IPES,73
2019-03-04,Game_Launch,android,IPSB,451
2019-03-04,Game_Launch,android,KYG,432
2019-03-04,Game_Launch,android,MGSQF,128
2019-03-04,Game_Launch,android,NLE,35
2019-03-04,Game_Launch,android,PT,62
2019-03-04,Game_Launch,android,SAL,90
2019-03-04,Game_Launch,android,SPG,28
2019-03-04,Game_Launch,android,SPSB,2254
2019-03-04,Game_Launch,android,TG,10
2019-03-04,Game_Launch,android,VR+快乐彩,181
2019-03-04,Game_Launch,android,VRL,181
2019-03-04,GameLaunch,ios,21点,49
2019-03-04,GameLaunch,ios,阿德利亚的财富,1
2019-03-04,GameLaunch,ios,阿丽亚娜,1
2019-03-04,GameLaunch,ios,百家乐,27
2019-03-04,GameLaunch,ios,百练赛,34
2019-03-04,GameLaunch,ios,百人牛牛,27
2019-03-04,GameLaunch,ios,百万钞票,1
2019-03-04,GameLaunch,ios,百万美人鱼,2
2019-03-04,GameLaunch,ios,比武招亲,1
2019-03-04,GameLaunch,ios,冰火之歌,5
2019-03-04,GameLaunch,ios,冰球突破,39
2019-03-04,GameLaunch,ios,冰锁宝石,1
2019-03-04,GameLaunch,ios,不朽情缘,7
2019-03-04,GameLaunch,ios,财神到,3
2019-03-04,GameLaunch,ios,财神黄金,2
2019-03-04,GameLaunch,ios,财运酷儿,1
2019-03-04,GameLaunch,ios,彩票,161
2019-03-04,GameLaunch,ios,传奇霸业,2
2019-03-04,GameLaunch,ios,丛林中的罗宾,1
2019-03-04,GameLaunch,ios,大逃杀,1
2019-03-04,GameLaunch,ios,德州扑克,69
2019-03-04,GameLaunch,ios,电子竞技,20
2019-03-04,GameLaunch,ios,斗地主,29
2019-03-04,GameLaunch,ios,法老王的宝藏豪华版,1
2019-03-04,GameLaunch,ios,封神榜,2
2019-03-04,GameLaunch,ios,疯狂的猴子,69
2019-03-04,GameLaunch,ios,戈德温小精灵,1
2019-03-04,GameLaunch,ios,航海时代,1
2019-03-04,GameLaunch,ios,黑暗故事+神秘深红,2
2019-03-04,GameLaunch,ios,皇家歌舞,1
2019-03-04,GameLaunch,ios,极速炸金花,1
2019-03-04,GameLaunch,ios,奖励坠落特色,2
2019-03-04,GameLaunch,ios,劲爆小辣椒,1
2019-03-04,GameLaunch,ios,经典243,1
2019-03-04,GameLaunch,ios,巨额现金乘数,1
2019-03-04,GameLaunch,ios,聚龙厅,11
2019-03-04,GameLaunch,ios,决战世界杯,1
2019-03-04,GameLaunch,ios,开元棋牌,461
2019-03-04,GameLaunch,ios,恐龙世界,5
2019-03-04,GameLaunch,ios,篮球,552
2019-03-04,GameLaunch,ios,篮球巨星,1
2019-03-04,GameLaunch,ios,老虎机,252
2019-03-04,GameLaunch,ios,炼金师的金子,1
2019-03-04,GameLaunch,ios,龙虎,1
2019-03-04,GameLaunch,ios,乱斗三国,1
2019-03-04,GameLaunch,ios,妹妹很饿,23
2019-03-04,GameLaunch,ios,秘密行动+雪诺和塞布尔,1
2019-03-04,GameLaunch,ios,魔性表情包,1
2019-03-04,GameLaunch,ios,牛牛,21
2019-03-04,GameLaunch,ios,齐天大胜,1
2019-03-04,GameLaunch,ios,奇异马戏团,1
2019-03-04,GameLaunch,ios,抢庄牛牛,128
2019-03-04,GameLaunch,ios,抢庄牌九,1
2019-03-04,GameLaunch,ios,热血羽毛球,1
2019-03-04,GameLaunch,ios,赛亚烈战,2
2019-03-04,GameLaunch,ios,三倍猴子,2
2019-03-04,GameLaunch,ios,三公,49
2019-03-04,GameLaunch,ios,森林舞会,5
2019-03-04,GameLaunch,ios,沙发土豆,1
2019-03-04,GameLaunch,ios,闪亮之屋,1
2019-03-04,GameLaunch,ios,深夜食堂,1
2019-03-04,GameLaunch,ios,圣诞狗狗,1
2019-03-04,GameLaunch,ios,十三水,4
2019-03-04,GameLaunch,ios,水浒传,1
2019-03-04,GameLaunch,ios,太空传奇,1
2019-03-04,GameLaunch,ios,糖果之星2,2
2019-03-04,GameLaunch,ios,体育,2241
2019-03-04,GameLaunch,ios,甜蜜+16+岁,2
2019-03-04,GameLaunch,ios,通比牛牛,2
2019-03-04,GameLaunch,ios,骰宝,2
2019-03-04,GameLaunch,ios,网球大赛,1
2019-03-04,GameLaunch,ios,伟大魔术师,2
2019-03-04,GameLaunch,ios,无限现金,2
2019-03-04,GameLaunch,ios,西游记,1
2019-03-04,GameLaunch,ios,西游降妖,2
2019-03-04,GameLaunch,ios,仙剑奇缘,6
2019-03-04,GameLaunch,ios,逍遥骑士,1
2019-03-04,GameLaunch,ios,幸运锦鲤,1
2019-03-04,GameLaunch,ios,幸运日,1
2019-03-04,GameLaunch,ios,虚拟运动,6
2019-03-04,GameLaunch,ios,旋风农场,1
2019-03-04,GameLaunch,ios,旋转大战,1
2019-03-04,GameLaunch,ios,寻宝之旅,3
2019-03-04,GameLaunch,ios,夜店之王,1
2019-03-04,GameLaunch,ios,娱乐场,317
2019-03-04,GameLaunch,ios,炸金花,80
2019-03-04,GameLaunch,ios,真人百家乐,40
2019-03-04,GameLaunch,ios,真正高手,1
2019-03-04,GameLaunch,ios,直播厅,12
2019-03-04,GameLaunch,ios,足球,1305
2019-03-04,GameLaunch,ios,AGIN+百家乐,138
2019-03-04,GameLaunch,ios,AGQ+百家乐,45
2019-03-04,GameLaunch,ios,GD杭州娱乐场(百家乐简易版),30
2019-03-04,GameLaunch,ios,IM+电子竞技,20
2019-03-04,GameLaunch,ios,IM+体育博彩,340
2019-03-04,GameLaunch,ios,Oz之书,17
2019-03-04,GameLaunch,ios,VR+快乐彩,160
2019-03-05,Game_Launch,android,21点,34
2019-03-05,Game_Launch,android,奥林匹斯山众神,3
2019-03-05,Game_Launch,android,百家乐,49
2019-03-05,Game_Launch,android,百练赛,25
2019-03-05,Game_Launch,android,百慕大三角,4
2019-03-05,Game_Launch,android,百人牛牛,18
2019-03-05,Game_Launch,android,宝石女王,7
2019-03-05,Game_Launch,android,捕鱼王+2,20
2019-03-05,Game_Launch,android,不朽情缘,9
2019-03-05,Game_Launch,android,丛林探险,7
2019-03-05,Game_Launch,android,德州扑克,57
2019-03-05,Game_Launch,android,斗地主,48
2019-03-05,Game_Launch,android,二八杠,17
2019-03-05,Game_Launch,android,发发发龙,6
2019-03-05,Game_Launch,android,番摊,18
2019-03-05,Game_Launch,android,富豪生活,6
2019-03-05,Game_Launch,android,古怪猴子,3
2019-03-05,Game_Launch,android,竞米百家乐,5
2019-03-05,Game_Launch,android,巨大犀牛,6
2019-03-05,Game_Launch,android,聚龙厅,19
2019-03-05,Game_Launch,android,篮球,459
2019-03-05,Game_Launch,android,篮球巨星,3
2019-03-05,Game_Launch,android,龙龙龙,4
2019-03-05,Game_Launch,android,轮盘,16
2019-03-05,Game_Launch,android,满月财富,5
2019-03-05,Game_Launch,android,美国梦,8
2019-03-05,Game_Launch,android,妹妹很饿,4
2019-03-05,Game_Launch,android,牛牛,105
2019-03-05,Game_Launch,android,潘金莲+特别版,28
2019-03-05,Game_Launch,android,抢庄牛牛,109
2019-03-05,Game_Launch,android,抢庄牌九,6
2019-03-05,Game_Launch,android,三公,10
2019-03-05,Game_Launch,android,森林舞会,57
2019-03-05,Game_Launch,android,十三水,7
2019-03-05,Game_Launch,android,太阳神之许珀里翁,3
2019-03-05,Game_Launch,android,泰利豪,11
2019-03-05,Game_Launch,android,通比牛牛,4
2019-03-05,Game_Launch,android,骰宝,10
2019-03-05,Game_Launch,android,虚拟运动,4
2019-03-05,Game_Launch,android,银行爆破家2,7
2019-03-05,Game_Launch,android,炸金花,75
2019-03-05,Game_Launch,android,真人百家乐,109
2019-03-05,Game_Launch,android,直播厅,41
2019-03-05,Game_Launch,android,足球,2301
2019-03-05,Game_Launch,android,ABT,21
2019-03-05,Game_Launch,android,AG,20
2019-03-05,Game_Launch,android,AGIN+百家乐,94
2019-03-05,Game_Launch,android,AGL,307
2019-03-05,Game_Launch,android,AGQ+百家乐,48
2019-03-05,Game_Launch,android,BSG,3
2019-03-05,Game_Launch,android,CW,4
2019-03-05,Game_Launch,android,GD+娱乐场,5
2019-03-05,Game_Launch,android,GD杭州娱乐场(百家乐简易版),20
2019-03-05,Game_Launch,android,GDL,122
2019-03-05,Game_Launch,android,IM+电子竞技,106
2019-03-05,Game_Launch,android,IM+体育博彩,923
2019-03-05,Game_Launch,android,IPES,106
2019-03-05,Game_Launch,android,IPSB,926
2019-03-05,Game_Launch,android,KYG,478
2019-03-05,Game_Launch,android,MGSQF,117
2019-03-05,Game_Launch,android,NLE,48
2019-03-05,Game_Launch,android,Oz之书,7
2019-03-05,Game_Launch,android,PT,62
2019-03-05,Game_Launch,android,SAL,67
2019-03-05,Game_Launch,android,SPG,29
2019-03-05,Game_Launch,android,SPSB,2852
2019-03-05,Game_Launch,android,TG,12
2019-03-05,Game_Launch,android,VR+快乐彩,172
2019-03-05,Game_Launch,android,VRL,172
2019-03-05,GameLaunch,ios,21点,46
2019-03-05,GameLaunch,ios,百家乐,24
2019-03-05,GameLaunch,ios,百练赛,37
2019-03-05,GameLaunch,ios,百人牛牛,15
2019-03-05,GameLaunch,ios,冰球突破,5
2019-03-05,GameLaunch,ios,不朽情缘,2
2019-03-05,GameLaunch,ios,财神到,4
2019-03-05,GameLaunch,ios,彩虹,1
2019-03-05,GameLaunch,ios,彩票,157
2019-03-05,GameLaunch,ios,德州扑克,32
2019-03-05,GameLaunch,ios,电子竞技,32
2019-03-05,GameLaunch,ios,斗地主,49
2019-03-05,GameLaunch,ios,二八杠,1
2019-03-05,GameLaunch,ios,法老王的宝藏豪华版,3
2019-03-05,GameLaunch,ios,疯狂的猴子,53
2019-03-05,GameLaunch,ios,黑豹之月,1
2019-03-05,GameLaunch,ios,竞米百家乐,3
2019-03-05,GameLaunch,ios,巨钻珍宝,2
2019-03-05,GameLaunch,ios,聚龙厅,7
2019-03-05,GameLaunch,ios,开元棋牌,449
2019-03-05,GameLaunch,ios,篮球,754
2019-03-05,GameLaunch,ios,篮球巨星,3
2019-03-05,GameLaunch,ios,老虎机,139
2019-03-05,GameLaunch,ios,龙虎,4
2019-03-05,GameLaunch,ios,龙虎斗,2
2019-03-05,GameLaunch,ios,轮盘,10
2019-03-05,GameLaunch,ios,妹妹很饿,6
2019-03-05,GameLaunch,ios,牛牛,116
2019-03-05,GameLaunch,ios,抢庄牛牛,53
2019-03-05,GameLaunch,ios,抢庄牌九,2
2019-03-05,GameLaunch,ios,三公,104
2019-03-05,GameLaunch,ios,三剑客和女王,4
2019-03-05,GameLaunch,ios,森林舞会,13
2019-03-05,GameLaunch,ios,圣诞狗狗,2
2019-03-05,GameLaunch,ios,十三水,11
2019-03-05,GameLaunch,ios,时刻准备,2
2019-03-05,GameLaunch,ios,太阳神之许珀里翁,5
2019-03-05,GameLaunch,ios,糖果甜心,2
2019-03-05,GameLaunch,ios,体育,2956
2019-03-05,GameLaunch,ios,天使老虎机,2
2019-03-05,GameLaunch,ios,甜蜜+16+岁,9
2019-03-05,GameLaunch,ios,通比牛牛,1
2019-03-05,GameLaunch,ios,幸运日,5
2019-03-05,GameLaunch,ios,虚拟运动,2
2019-03-05,GameLaunch,ios,娱乐场,468
2019-03-05,GameLaunch,ios,炸金花,102
2019-03-05,GameLaunch,ios,真人百家乐,33
2019-03-05,GameLaunch,ios,直播厅,22
2019-03-05,GameLaunch,ios,足球,1704
2019-03-05,GameLaunch,ios,AGIN+百家乐,152
2019-03-05,GameLaunch,ios,AGQ+百家乐,52
2019-03-05,GameLaunch,ios,GD杭州娱乐场(百家乐简易版),37
2019-03-05,GameLaunch,ios,IM+电子竞技,32
2019-03-05,GameLaunch,ios,IM+体育博彩,414
2019-03-05,GameLaunch,ios,VR+快乐彩,157
2019-03-06,Game_Launch,android,21点,10
2019-03-06,Game_Launch,android,3D老虎机,6
2019-03-06,Game_Launch,android,百家乐,48
2019-03-06,Game_Launch,android,百练赛,22
2019-03-06,Game_Launch,android,宝石女王,3
2019-03-06,Game_Launch,android,捕鱼王+2,68
2019-03-06,Game_Launch,android,不朽情缘,3
2019-03-06,Game_Launch,android,财富转转转,8
2019-03-06,Game_Launch,android,德州扑克,76
2019-03-06,Game_Launch,android,斗地主,28
2019-03-06,Game_Launch,android,二八杠,27
2019-03-06,Game_Launch,android,法老王的宝藏豪华版,4
2019-03-06,Game_Launch,android,番摊,5
2019-03-06,Game_Launch,android,复仇时代,9
2019-03-06,Game_Launch,android,古怪猴子,3
2019-03-06,Game_Launch,android,海豚礁,6
2019-03-06,Game_Launch,android,聚龙厅,48
2019-03-06,Game_Launch,android,篮球,466
2019-03-06,Game_Launch,android,龙龙龙,3
2019-03-06,Game_Launch,android,轮盘,46
2019-03-06,Game_Launch,android,美国梦,16
2019-03-06,Game_Launch,android,魔术坊,8
2019-03-06,Game_Launch,android,牛牛,75
2019-03-06,Game_Launch,android,潘金莲+特别版,7
2019-03-06,Game_Launch,android,奇异马戏团,6
2019-03-06,Game_Launch,android,抢庄牛牛,112
2019-03-06,Game_Launch,android,抢庄牌九,5
2019-03-06,Game_Launch,android,三公,6
2019-03-06,Game_Launch,android,森林舞会,39
2019-03-06,Game_Launch,android,闪亮之屋,4
2019-03-06,Game_Launch,android,水牛闪电战,13
2019-03-06,Game_Launch,android,泰利豪,3
2019-03-06,Game_Launch,android,通比牛牛,15
2019-03-06,Game_Launch,android,幸运卷轴+H5,3
2019-03-06,Game_Launch,android,虚拟运动,36
2019-03-06,Game_Launch,android,押庄龙虎,13
2019-03-06,Game_Launch,android,银行爆破家2,4
2019-03-06,Game_Launch,android,炸金花,106
2019-03-06,Game_Launch,android,真人百家乐,72
2019-03-06,Game_Launch,android,直播厅,41
2019-03-06,Game_Launch,android,侏罗纪世界,14
2019-03-06,Game_Launch,android,足球,2469
2019-03-06,Game_Launch,android,足球明星,4
2019-03-06,Game_Launch,android,ABT,51
2019-03-06,Game_Launch,android,AG,68
2019-03-06,Game_Launch,android,AGIN+百家乐,86
2019-03-06,Game_Launch,android,AGL,258
2019-03-06,Game_Launch,android,AGQ+百家乐,45
2019-03-06,Game_Launch,android,BSG,33
2019-03-06,Game_Launch,android,CW,11
2019-03-06,Game_Launch,android,DTG,6
2019-03-06,Game_Launch,android,GD杭州娱乐场(百家乐简易版),5
2019-03-06,Game_Launch,android,GDL,97
2019-03-06,Game_Launch,android,IM+电子竞技,116
2019-03-06,Game_Launch,android,IM+体育博彩,610
2019-03-06,Game_Launch,android,IPES,116
2019-03-06,Game_Launch,android,IPSB,605
2019-03-06,Game_Launch,android,KYG,507
2019-03-06,Game_Launch,android,MGSQF,92
2019-03-06,Game_Launch,android,NLE,32
2019-03-06,Game_Launch,android,Oz之书,23
2019-03-06,Game_Launch,android,PT,48
2019-03-06,Game_Launch,android,RTG,5
2019-03-06,Game_Launch,android,SAL,33
2019-03-06,Game_Launch,android,SPG,7
2019-03-06,Game_Launch,android,SPSB,3060
2019-03-06,Game_Launch,android,VR+快乐彩,179
2019-03-06,Game_Launch,android,VRL,179
2019-03-06,GameLaunch,ios,21点,23
2019-03-06,GameLaunch,ios,3D老虎机,5
2019-03-06,GameLaunch,ios,白蛇传,3
2019-03-06,GameLaunch,ios,百家乐,7
2019-03-06,GameLaunch,ios,百练赛,17
2019-03-06,GameLaunch,ios,百人牛牛,5
2019-03-06,GameLaunch,ios,冰火之歌,2
2019-03-06,GameLaunch,ios,冰球突破,5
2019-03-06,GameLaunch,ios,不朽情缘,2
2019-03-06,GameLaunch,ios,彩票,179
2019-03-06,GameLaunch,ios,超级狮子,1
2019-03-06,GameLaunch,ios,丛林探险,2
2019-03-06,GameLaunch,ios,德州扑克,91
2019-03-06,GameLaunch,ios,电子竞技,26
2019-03-06,GameLaunch,ios,斗地主,22
2019-03-06,GameLaunch,ios,二八杠,1
2019-03-06,GameLaunch,ios,封神榜,2
2019-03-06,GameLaunch,ios,疯狂的猴子,5
2019-03-06,GameLaunch,ios,黑暗故事+神秘深红,8
2019-03-06,GameLaunch,ios,黄金野马,1
2019-03-06,GameLaunch,ios,黄金之旅,9
2019-03-06,GameLaunch,ios,竞米百家乐,4
2019-03-06,GameLaunch,ios,巨钻珍宝,1
2019-03-06,GameLaunch,ios,聚龙厅,11
2019-03-06,GameLaunch,ios,开元棋牌,346
2019-03-06,GameLaunch,ios,恐龙世界,4
2019-03-06,GameLaunch,ios,篮球,741
2019-03-06,GameLaunch,ios,老虎机,155
2019-03-06,GameLaunch,ios,雷王,2
2019-03-06,GameLaunch,ios,龙虎,4
2019-03-06,GameLaunch,ios,龙龙龙,1
2019-03-06,GameLaunch,ios,龙之国度,2
2019-03-06,GameLaunch,ios,妹妹很饿,25
2019-03-06,GameLaunch,ios,迷失拉斯维加斯,2
2019-03-06,GameLaunch,ios,牛牛,49
2019-03-06,GameLaunch,ios,女士之夜,9
2019-03-06,GameLaunch,ios,齐天大胜,2
2019-03-06,GameLaunch,ios,抢庄牛牛,25
2019-03-06,GameLaunch,ios,三公,32
2019-03-06,GameLaunch,ios,森林舞会,5
2019-03-06,GameLaunch,ios,深夜食堂,2
2019-03-06,GameLaunch,ios,十三水,2
2019-03-06,GameLaunch,ios,太阳神之许珀里翁,8
2019-03-06,GameLaunch,ios,糖果巡游,4
2019-03-06,GameLaunch,ios,淘气春假,4
2019-03-06,GameLaunch,ios,体育,2694
2019-03-06,GameLaunch,ios,通比牛牛,3
2019-03-06,GameLaunch,ios,仙剑奇缘,2
2019-03-06,GameLaunch,ios,虚拟运动,1
2019-03-06,GameLaunch,ios,亚洲幻想,1
2019-03-06,GameLaunch,ios,娱乐场,346
2019-03-06,GameLaunch,ios,愿望精灵,2
2019-03-06,GameLaunch,ios,炸金花,106
2019-03-06,GameLaunch,ios,真人百家乐,51
2019-03-06,GameLaunch,ios,直播厅,17
2019-03-06,GameLaunch,ios,足球,1515
2019-03-06,GameLaunch,ios,AGIN+百家乐,136
2019-03-06,GameLaunch,ios,AGQ+百家乐,40
2019-03-06,GameLaunch,ios,GD杭州娱乐场(百家乐简易版),15
2019-03-06,GameLaunch,ios,IM+电子竞技,26
2019-03-06,GameLaunch,ios,IM+体育博彩,379
2019-03-06,GameLaunch,ios,Oz之书,4
2019-03-06,GameLaunch,ios,VR+快乐彩,179
2019-03-07,Game_Launch,android,21点,39
2019-03-07,Game_Launch,android,百家乐,62
2019-03-07,Game_Launch,android,百练赛,28
2019-03-07,Game_Launch,android,百人牛牛,5
2019-03-07,Game_Launch,android,捕鱼王+2,29
2019-03-07,Game_Launch,android,德州扑克,66
2019-03-07,Game_Launch,android,斗地主,21
2019-03-07,Game_Launch,android,二八杠,7
2019-03-07,Game_Launch,android,发发双胞胎,6
2019-03-07,Game_Launch,android,番摊,7
2019-03-07,Game_Launch,android,聚龙厅,22
2019-03-07,Game_Launch,android,篮球,547
2019-03-07,Game_Launch,android,篮球巨星,5
2019-03-07,Game_Launch,android,轮盘,13
2019-03-07,Game_Launch,android,美国梦,13
2019-03-07,Game_Launch,android,妹妹很饿,5
2019-03-07,Game_Launch,android,梦果子乐园,3
2019-03-07,Game_Launch,android,魔术坊,10
2019-03-07,Game_Launch,android,牛牛,45
2019-03-07,Game_Launch,android,潘金莲+特别版,16
2019-03-07,Game_Launch,android,抢庄牛牛,60
2019-03-07,Game_Launch,android,三倍猴子,5
2019-03-07,Game_Launch,android,三公,16
2019-03-07,Game_Launch,android,森林舞会,36
2019-03-07,Game_Launch,android,十三水,16
2019-03-07,Game_Launch,android,水牛闪电战,10
2019-03-07,Game_Launch,android,泰利豪,5
2019-03-07,Game_Launch,android,通比牛牛,4
2019-03-07,Game_Launch,android,骰宝,8
2019-03-07,Game_Launch,android,幸运7,5
2019-03-07,Game_Launch,android,虚拟运动,21
2019-03-07,Game_Launch,android,炸金花,113
2019-03-07,Game_Launch,android,招财进宝,4
2019-03-07,Game_Launch,android,真人百家乐,61
2019-03-07,Game_Launch,android,直播厅,20
2019-03-07,Game_Launch,android,足球,2275
2019-03-07,Game_Launch,android,足球明星,14
2019-03-07,Game_Launch,android,ABT,22
2019-03-07,Game_Launch,android,AG,29
2019-03-07,Game_Launch,android,AGIN+百家乐,96
2019-03-07,Game_Launch,android,AGL,228
2019-03-07,Game_Launch,android,AGQ+百家乐,46
2019-03-07,Game_Launch,android,BSG,43
2019-03-07,Game_Launch,android,CW,14
2019-03-07,Game_Launch,android,GD杭州娱乐场(百家乐简易版),35
2019-03-07,Game_Launch,android,GDL,93
2019-03-07,Game_Launch,android,IM+电子竞技,134
2019-03-07,Game_Launch,android,IM+体育博彩,504
2019-03-07,Game_Launch,android,IPES,134
2019-03-07,Game_Launch,android,IPSB,508
2019-03-07,Game_Launch,android,KYG,429
2019-03-07,Game_Launch,android,MGSQF,98
2019-03-07,Game_Launch,android,NLE,52
2019-03-07,Game_Launch,android,Oz之书,8
2019-03-07,Game_Launch,android,PT,50
2019-03-07,Game_Launch,android,RTG,6
2019-03-07,Game_Launch,android,SAL,35
2019-03-07,Game_Launch,android,SPG,16
2019-03-07,Game_Launch,android,SPSB,2953
2019-03-07,Game_Launch,android,TG,7
2019-03-07,Game_Launch,android,VR+快乐彩,177
2019-03-07,Game_Launch,android,VRL,177
2019-03-07,GameLaunch,ios,21点,8
2019-03-07,GameLaunch,ios,3D老虎机,12
2019-03-07,GameLaunch,ios,埃及帝国,2
2019-03-07,GameLaunch,ios,白蛇传,1
2019-03-07,GameLaunch,ios,百家乐,5
2019-03-07,GameLaunch,ios,百练赛,59
2019-03-07,GameLaunch,ios,百人牛牛,14
2019-03-07,GameLaunch,ios,冰穴,1
2019-03-07,GameLaunch,ios,不朽情缘,6
2019-03-07,GameLaunch,ios,财富转转转,1
2019-03-07,GameLaunch,ios,财运,1
2019-03-07,GameLaunch,ios,彩票,158
2019-03-07,GameLaunch,ios,炽热火山,1
2019-03-07,GameLaunch,ios,传奇霸业,1
2019-03-07,GameLaunch,ios,德州扑克,56
2019-03-07,GameLaunch,ios,电子竞技,22
2019-03-07,GameLaunch,ios,斗地主,9
2019-03-07,GameLaunch,ios,二八杠,2
2019-03-07,GameLaunch,ios,法老谷,14
2019-03-07,GameLaunch,ios,法老王的宝藏豪华版,2
2019-03-07,GameLaunch,ios,封神榜,4
2019-03-07,GameLaunch,ios,疯狂的猴子,28
2019-03-07,GameLaunch,ios,疯狂转转转,1
2019-03-07,GameLaunch,ios,古怪猴子,1
2019-03-07,GameLaunch,ios,古潼京,1
2019-03-07,GameLaunch,ios,冠军杯,1
2019-03-07,GameLaunch,ios,灌篮大师,1
2019-03-07,GameLaunch,ios,灌篮大师2,1
2019-03-07,GameLaunch,ios,海豚礁,2
2019-03-07,GameLaunch,ios,黑暗故事+神秘深红,5
2019-03-07,GameLaunch,ios,黄金之旅,4
2019-03-07,GameLaunch,ios,回力镖时来运转,2
2019-03-07,GameLaunch,ios,极速炸金花,1
2019-03-07,GameLaunch,ios,劲爆小辣椒,1
2019-03-07,GameLaunch,ios,禁酒,1
2019-03-07,GameLaunch,ios,竞米百家乐,3
2019-03-07,GameLaunch,ios,巨大犀牛,22
2019-03-07,GameLaunch,ios,巨钻珍宝,1
2019-03-07,GameLaunch,ios,聚龙厅,10
2019-03-07,GameLaunch,ios,开元棋牌,311
2019-03-07,GameLaunch,ios,恐龙世界,3
2019-03-07,GameLaunch,ios,狂野钻石7,12
2019-03-07,GameLaunch,ios,篮球,692
2019-03-07,GameLaunch,ios,老虎机,172
2019-03-07,GameLaunch,ios,龙虎,4
2019-03-07,GameLaunch,ios,妹妹很饿,12
2019-03-07,GameLaunch,ios,迷失拉斯维加斯,2
2019-03-07,GameLaunch,ios,牛牛,37
2019-03-07,GameLaunch,ios,女士之夜,3
2019-03-07,GameLaunch,ios,抢庄牛牛,41
2019-03-07,GameLaunch,ios,抢庄牌九,2
2019-03-07,GameLaunch,ios,三公,82
2019-03-07,GameLaunch,ios,森林舞会,4
2019-03-07,GameLaunch,ios,深夜食堂,1
2019-03-07,GameLaunch,ios,失落的神庙,2
2019-03-07,GameLaunch,ios,十三水,29
2019-03-07,GameLaunch,ios,太空熊猫,1
2019-03-07,GameLaunch,ios,太阳神之许珀里翁,1
2019-03-07,GameLaunch,ios,淘气春假,1
2019-03-07,GameLaunch,ios,体育,2262
2019-03-07,GameLaunch,ios,通比牛牛,2
2019-03-07,GameLaunch,ios,伟大魔术师,1
2019-03-07,GameLaunch,ios,西游记,1
2019-03-07,GameLaunch,ios,西游降妖,2
2019-03-07,GameLaunch,ios,仙剑奇缘,2
2019-03-07,GameLaunch,ios,逍遥骑士,1
2019-03-07,GameLaunch,ios,小门神,1
2019-03-07,GameLaunch,ios,心动女主播,1
2019-03-07,GameLaunch,ios,虚拟运动,2
2019-03-07,GameLaunch,ios,旋风农场,1
2019-03-07,GameLaunch,ios,寻宝之旅,4
2019-03-07,GameLaunch,ios,押庄龙虎,2
2019-03-07,GameLaunch,ios,亚洲幻想,1
2019-03-07,GameLaunch,ios,娱乐场,264
2019-03-07,GameLaunch,ios,炸金花,55
2019-03-07,GameLaunch,ios,招财童子,1
2019-03-07,GameLaunch,ios,真人百家乐,33
2019-03-07,GameLaunch,ios,直播厅,11
2019-03-07,GameLaunch,ios,足球,1207
2019-03-07,GameLaunch,ios,AGIN+百家乐,126
2019-03-07,GameLaunch,ios,AGQ+百家乐,40
2019-03-07,GameLaunch,ios,IM+电子竞技,22
2019-03-07,GameLaunch,ios,IM+体育博彩,301
2019-03-07,GameLaunch,ios,VR+快乐彩,157
2019-03-08,Game_Launch,android,21点,14
2019-03-08,Game_Launch,android,白金专家,3
2019-03-08,Game_Launch,android,百家乐,26
2019-03-08,Game_Launch,android,百练赛,23
2019-03-08,Game_Launch,android,百人牛牛,3
2019-03-08,Game_Launch,android,捕鱼王+2,41
2019-03-08,Game_Launch,android,德州扑克,113
2019-03-08,Game_Launch,android,斗地主,18
2019-03-08,Game_Launch,android,二八杠,5
2019-03-08,Game_Launch,android,番摊,4
2019-03-08,Game_Launch,android,翡翠公主,6
2019-03-08,Game_Launch,android,聚龙厅,32
2019-03-08,Game_Launch,android,篮球,491
2019-03-08,Game_Launch,android,篮球巨星,9
2019-03-08,Game_Launch,android,龙虎,8
2019-03-08,Game_Launch,android,龙龙龙,7
2019-03-08,Game_Launch,android,轮盘,5
2019-03-08,Game_Launch,android,美国梦,19
2019-03-08,Game_Launch,android,妹妹很饿,4
2019-03-08,Game_Launch,android,魔术坊,26
2019-03-08,Game_Launch,android,牛牛,98
2019-03-08,Game_Launch,android,潘金莲+特别版,4
2019-03-08,Game_Launch,android,奇异马戏团,3
2019-03-08,Game_Launch,android,抢庄牛牛,54
2019-03-08,Game_Launch,android,权利的游戏,4
2019-03-08,Game_Launch,android,三倍猴子,12
2019-03-08,Game_Launch,android,三公,6
2019-03-08,Game_Launch,android,森林舞会,31
2019-03-08,Game_Launch,android,十三水,10
2019-03-08,Game_Launch,android,水牛闪电战,25
2019-03-08,Game_Launch,android,淘气春假,7
2019-03-08,Game_Launch,android,骰宝,3
2019-03-08,Game_Launch,android,仙宫,3
2019-03-08,Game_Launch,android,星尘,3
2019-03-08,Game_Launch,android,虚拟运动,9
2019-03-08,Game_Launch,android,银行爆破家2,6
2019-03-08,Game_Launch,android,鹰翼行动,9
2019-03-08,Game_Launch,android,炸金花,75
2019-03-08,Game_Launch,android,湛蓝深海,20
2019-03-08,Game_Launch,android,招财进宝,4
2019-03-08,Game_Launch,android,真人百家乐,84
2019-03-08,Game_Launch,android,直播厅,63
2019-03-08,Game_Launch,android,侏罗纪世界,8
2019-03-08,Game_Launch,android,足球,2376
2019-03-08,Game_Launch,android,足球明星,8
2019-03-08,Game_Launch,android,ABT,30
2019-03-08,Game_Launch,android,AG,41
2019-03-08,Game_Launch,android,AGIN+百家乐,116
2019-03-08,Game_Launch,android,AGL,375
2019-03-08,Game_Launch,android,AGQ+百家乐,74
2019-03-08,Game_Launch,android,BSG,30
2019-03-08,Game_Launch,android,CW,10
2019-03-08,Game_Launch,android,GD杭州娱乐场(百家乐简易版),31
2019-03-08,Game_Launch,android,GDL,94
2019-03-08,Game_Launch,android,IM+电子竞技,97
2019-03-08,Game_Launch,android,IM+体育博彩,444
2019-03-08,Game_Launch,android,IPES,97
2019-03-08,Game_Launch,android,IPSB,446
2019-03-08,Game_Launch,android,KYG,372
2019-03-08,Game_Launch,android,MGSQF,119
2019-03-08,Game_Launch,android,NLE,9
2019-03-08,Game_Launch,android,Oz之书,15
2019-03-08,Game_Launch,android,PT,86
2019-03-08,Game_Launch,android,RTG,4
2019-03-08,Game_Launch,android,SAL,34
2019-03-08,Game_Launch,android,SPG,4
2019-03-08,Game_Launch,android,SPSB,2968
2019-03-08,Game_Launch,android,VR+快乐彩,190
2019-03-08,Game_Launch,android,VRL,190
2019-03-08,GameLaunch,ios,21点,10
2019-03-08,GameLaunch,ios,3D老虎机,13
2019-03-08,GameLaunch,ios,阿拉斯加钓鱼记,1
2019-03-08,GameLaunch,ios,埃及帝国,4
2019-03-08,GameLaunch,ios,百家乐,20
2019-03-08,GameLaunch,ios,百练赛,24
2019-03-08,GameLaunch,ios,百人牛牛,7
2019-03-08,GameLaunch,ios,冰球突破,4
2019-03-08,GameLaunch,ios,冰穴,1
2019-03-08,GameLaunch,ios,不朽情缘,14
2019-03-08,GameLaunch,ios,财富满屋,4
2019-03-08,GameLaunch,ios,财神889,1
2019-03-08,GameLaunch,ios,财运,1
2019-03-08,GameLaunch,ios,彩票,84
2019-03-08,GameLaunch,ios,丛林中的罗宾,1
2019-03-08,GameLaunch,ios,德州扑克,37
2019-03-08,GameLaunch,ios,电子竞技,47
2019-03-08,GameLaunch,ios,斗地主,3
2019-03-08,GameLaunch,ios,二八杠,2
2019-03-08,GameLaunch,ios,法老谷,3
2019-03-08,GameLaunch,ios,法老王的宝藏豪华版,1
2019-03-08,GameLaunch,ios,飞龙在天,1
2019-03-08,GameLaunch,ios,翡翠公主,1
2019-03-08,GameLaunch,ios,疯狂的猴子,26
2019-03-08,GameLaunch,ios,古潼京,1
2019-03-08,GameLaunch,ios,鬼屋,2
2019-03-08,GameLaunch,ios,海豚礁,1
2019-03-08,GameLaunch,ios,好运连胜,3
2019-03-08,GameLaunch,ios,黑暗故事+神秘深红,5
2019-03-08,GameLaunch,ios,黃金古埃及H5,1
2019-03-08,GameLaunch,ios,火辣辣,1
2019-03-08,GameLaunch,ios,禁忌王座,1
2019-03-08,GameLaunch,ios,巨大犀牛,6
2019-03-08,GameLaunch,ios,聚龙厅,1
2019-03-08,GameLaunch,ios,开元棋牌,390
2019-03-08,GameLaunch,ios,凯撒帝国,1
2019-03-08,GameLaunch,ios,恐龙世界,1
2019-03-08,GameLaunch,ios,狂野钻石7,4
2019-03-08,GameLaunch,ios,篮球,719
2019-03-08,GameLaunch,ios,老虎机,131
2019-03-08,GameLaunch,ios,龙虎,3
2019-03-08,GameLaunch,ios,龙龙龙,1
2019-03-08,GameLaunch,ios,妹妹很饿,3
2019-03-08,GameLaunch,ios,迷失拉斯维加斯,2
2019-03-08,GameLaunch,ios,秘密行动+雪诺和塞布尔,1
2019-03-08,GameLaunch,ios,尼罗河宝藏,1
2019-03-08,GameLaunch,ios,牛牛,41
2019-03-08,GameLaunch,ios,齐天大胜,1
2019-03-08,GameLaunch,ios,抢庄牛牛,125
2019-03-08,GameLaunch,ios,抢庄牌九,3
2019-03-08,GameLaunch,ios,权杖女王,1
2019-03-08,GameLaunch,ios,三公,82
2019-03-08,GameLaunch,ios,森林舞会,1
2019-03-08,GameLaunch,ios,深夜食堂,1
2019-03-08,GameLaunch,ios,十三水,24
2019-03-08,GameLaunch,ios,时刻准备,1
2019-03-08,GameLaunch,ios,体育,2368
2019-03-08,GameLaunch,ios,骰宝,5
2019-03-08,GameLaunch,ios,伟大魔术师,6
2019-03-08,GameLaunch,ios,五虎将,1
2019-03-08,GameLaunch,ios,西游记,3
2019-03-08,GameLaunch,ios,西游降妖,1
2019-03-08,GameLaunch,ios,幸运7,1
2019-03-08,GameLaunch,ios,幸运日,1
2019-03-08,GameLaunch,ios,寻宝之旅,2
2019-03-08,GameLaunch,ios,押庄龙虎,1
2019-03-08,GameLaunch,ios,印加帝国头奖,1
2019-03-08,GameLaunch,ios,娱乐场,305
2019-03-08,GameLaunch,ios,炸金花,76
2019-03-08,GameLaunch,ios,真人百家乐,19
2019-03-08,GameLaunch,ios,直播厅,15
2019-03-08,GameLaunch,ios,足球,1278
2019-03-08,GameLaunch,ios,AGIN+百家乐,160
2019-03-08,GameLaunch,ios,AGQ+百家乐,42
2019-03-08,GameLaunch,ios,GD杭州娱乐场(百家乐简易版),18
2019-03-08,GameLaunch,ios,IM+电子竞技,47
2019-03-08,GameLaunch,ios,IM+体育博彩,346
2019-03-08,GameLaunch,ios,VR+快乐彩,84
2019-03-09,Game_Launch,android,21点,8
2019-03-09,Game_Launch,android,百家乐,23
2019-03-09,Game_Launch,android,百练赛,12
2019-03-09,Game_Launch,android,捕鱼王+2,51
2019-03-09,Game_Launch,android,超级狮子,5
2019-03-09,Game_Launch,android,德州扑克,127
2019-03-09,Game_Launch,android,斗地主,18
2019-03-09,Game_Launch,android,二八杠,30
2019-03-09,Game_Launch,android,发发发龙,14
2019-03-09,Game_Launch,android,番摊,5
2019-03-09,Game_Launch,android,古怪猴子,5
2019-03-09,Game_Launch,android,海豚礁,5
2019-03-09,Game_Launch,android,黄金贵族,8
2019-03-09,Game_Launch,android,金鸡,4
2019-03-09,Game_Launch,android,金狼,10
2019-03-09,Game_Launch,android,巨大犀牛,32
2019-03-09,Game_Launch,android,聚龙厅,71
2019-03-09,Game_Launch,android,篮球,539
2019-03-09,Game_Launch,android,篮球巨星,13
2019-03-09,Game_Launch,android,龙虎,13
2019-03-09,Game_Launch,android,美国梦,6
2019-03-09,Game_Launch,android,魔术坊,17
2019-03-09,Game_Launch,android,牛牛,71
2019-03-09,Game_Launch,android,潘金莲+特别版,11
2019-03-09,Game_Launch,android,抢庄牛牛,54
2019-03-09,Game_Launch,android,抢庄牌九,18
2019-03-09,Game_Launch,android,三公,12
2019-03-09,Game_Launch,android,森林舞会,29
2019-03-09,Game_Launch,android,十三水,6
2019-03-09,Game_Launch,android,水牛闪电战,5
2019-03-09,Game_Launch,android,通比牛牛,6
2019-03-09,Game_Launch,android,骰宝,20
2019-03-09,Game_Launch,android,虚拟运动,27
2019-03-09,Game_Launch,android,押庄龙虎,6
2019-03-09,Game_Launch,android,银行爆破家2,4
2019-03-09,Game_Launch,android,炸金花,76
2019-03-09,Game_Launch,android,真人百家乐,73
2019-03-09,Game_Launch,android,直播厅,45
2019-03-09,Game_Launch,android,足球,3331
2019-03-09,Game_Launch,android,足球明星,6
2019-03-09,Game_Launch,android,ABT,77
2019-03-09,Game_Launch,android,AG,51
2019-03-09,Game_Launch,android,AGIN+百家乐,94
2019-03-09,Game_Launch,android,AGL,273
2019-03-09,Game_Launch,android,AGQ+百家乐,33
2019-03-09,Game_Launch,android,BSG,24
2019-03-09,Game_Launch,android,CW,30
2019-03-09,Game_Launch,android,DTG,4
2019-03-09,Game_Launch,android,GD杭州娱乐场(百家乐简易版),11
2019-03-09,Game_Launch,android,GDL,53
2019-03-09,Game_Launch,android,IM+电子竞技,86
2019-03-09,Game_Launch,android,IM+体育博彩,663
2019-03-09,Game_Launch,android,IPES,86
2019-03-09,Game_Launch,android,IPSB,671
2019-03-09,Game_Launch,android,KYG,435
2019-03-09,Game_Launch,android,MGSQF,78
2019-03-09,Game_Launch,android,NLE,17
2019-03-09,Game_Launch,android,Oz之书,16
2019-03-09,Game_Launch,android,PT,44
2019-03-09,Game_Launch,android,RTG,5
2019-03-09,Game_Launch,android,SAL,55
2019-03-09,Game_Launch,android,SPG,22
2019-03-09,Game_Launch,android,SPSB,4006
2019-03-09,Game_Launch,android,TG,43
2019-03-09,Game_Launch,android,VR+快乐彩,137
2019-03-09,Game_Launch,android,VRL,142
2019-03-09,GameLaunch,ios,21点,9
2019-03-09,GameLaunch,ios,3D老虎机,14
2019-03-09,GameLaunch,ios,5雄狮,28
2019-03-09,GameLaunch,ios,埃及帝国,1
2019-03-09,GameLaunch,ios,白蛇传,1
2019-03-09,GameLaunch,ios,百家乐,24
2019-03-09,GameLaunch,ios,百练赛,37
2019-03-09,GameLaunch,ios,百人牛牛,5
2019-03-09,GameLaunch,ios,比武招亲,1
2019-03-09,GameLaunch,ios,缤纷马戏团,1
2019-03-09,GameLaunch,ios,冰火之歌,1
2019-03-09,GameLaunch,ios,冰球突破,3
2019-03-09,GameLaunch,ios,不朽情缘,17
2019-03-09,GameLaunch,ios,财神黄金,1
2019-03-09,GameLaunch,ios,财运,1
2019-03-09,GameLaunch,ios,彩票,122
2019-03-09,GameLaunch,ios,炽热火山,2
2019-03-09,GameLaunch,ios,传奇霸业,1
2019-03-09,GameLaunch,ios,德州扑克,29
2019-03-09,GameLaunch,ios,电子竞技,19
2019-03-09,GameLaunch,ios,斗地主,5
2019-03-09,GameLaunch,ios,法老谷,4
2019-03-09,GameLaunch,ios,封神榜,1
2019-03-09,GameLaunch,ios,疯狂的猴子,29
2019-03-09,GameLaunch,ios,黑暗故事+神秘深红,11
2019-03-09,GameLaunch,ios,黄金之旅,2
2019-03-09,GameLaunch,ios,回力镖时来运转,1
2019-03-09,GameLaunch,ios,极速炸金花,1
2019-03-09,GameLaunch,ios,禁酒,1
2019-03-09,GameLaunch,ios,竞咪厅,1
2019-03-09,GameLaunch,ios,竞米百家乐,5
2019-03-09,GameLaunch,ios,巨大犀牛,22
2019-03-09,GameLaunch,ios,巨兽之邦,1
2019-03-09,GameLaunch,ios,聚龙厅,2
2019-03-09,GameLaunch,ios,开元棋牌,284
2019-03-09,GameLaunch,ios,恐龙世界,3
2019-03-09,GameLaunch,ios,狂野钻石7,5
2019-03-09,GameLaunch,ios,篮球,945
2019-03-09,GameLaunch,ios,老虎机,205
2019-03-09,GameLaunch,ios,雷王2,2
2019-03-09,GameLaunch,ios,龙凤呈祥,1
2019-03-09,GameLaunch,ios,龙虎,2
2019-03-09,GameLaunch,ios,龙龙龙,1
2019-03-09,GameLaunch,ios,龙族传说,7
2019-03-09,GameLaunch,ios,妹妹很饿,3
2019-03-09,GameLaunch,ios,秘密行动+雪诺和塞布尔,1
2019-03-09,GameLaunch,ios,牛牛,24
2019-03-09,GameLaunch,ios,奇异马戏团,1
2019-03-09,GameLaunch,ios,抢庄牛牛,90
2019-03-09,GameLaunch,ios,抢庄牌九,7
2019-03-09,GameLaunch,ios,权利的游戏,2
2019-03-09,GameLaunch,ios,三公,14
2019-03-09,GameLaunch,ios,深夜食堂,4
2019-03-09,GameLaunch,ios,失落的神庙,1
2019-03-09,GameLaunch,ios,十三水,32
2019-03-09,GameLaunch,ios,水牛闪电战,1
2019-03-09,GameLaunch,ios,太阳神之许珀里翁,1
2019-03-09,GameLaunch,ios,淘气春假,1
2019-03-09,GameLaunch,ios,体育,3367
2019-03-09,GameLaunch,ios,伟大魔术师,5
2019-03-09,GameLaunch,ios,仙剑奇缘,1
2019-03-09,GameLaunch,ios,小门神,1
2019-03-09,GameLaunch,ios,新潮派出租车,7
2019-03-09,GameLaunch,ios,熊猫的财富,7
2019-03-09,GameLaunch,ios,旋转大战,1
2019-03-09,GameLaunch,ios,寻宝之旅,3
2019-03-09,GameLaunch,ios,银行爆破家2,1
2019-03-09,GameLaunch,ios,娱乐场,269
2019-03-09,GameLaunch,ios,炸金花,71
2019-03-09,GameLaunch,ios,招财童子,1
2019-03-09,GameLaunch,ios,真人百家乐,28
2019-03-09,GameLaunch,ios,直播厅,19
2019-03-09,GameLaunch,ios,足球,1976
2019-03-09,GameLaunch,ios,AGIN+百家乐,131
2019-03-09,GameLaunch,ios,AGQ+百家乐,51
2019-03-09,GameLaunch,ios,GD杭州娱乐场(百家乐简易版),4
2019-03-09,GameLaunch,ios,IM+电子竞技,19
2019-03-09,GameLaunch,ios,IM+体育博彩,406
2019-03-09,GameLaunch,ios,VR+快乐彩,122
2019-03-10,Game_Launch,android,21点,8
2019-03-10,Game_Launch,android,百家乐,33
2019-03-10,Game_Launch,android,百练赛,29
2019-03-10,Game_Launch,android,百人牛牛,17
2019-03-10,Game_Launch,android,捕鱼王+2,42
2019-03-10,Game_Launch,android,不朽情缘,15
2019-03-10,Game_Launch,android,德州扑克,107
2019-03-10,Game_Launch,android,东方珍兽,5
2019-03-10,Game_Launch,android,斗地主,3
2019-03-10,Game_Launch,android,金狼,15
2019-03-10,Game_Launch,android,巨大犀牛,14
2019-03-10,Game_Launch,android,聚龙厅,35
2019-03-10,Game_Launch,android,篮球,562
2019-03-10,Game_Launch,android,龙虎,10
2019-03-10,Game_Launch,android,龙之战士,6
2019-03-10,Game_Launch,android,美国梦,14
2019-03-10,Game_Launch,android,妹妹很饿,9
2019-03-10,Game_Launch,android,魔术坊,11
2019-03-10,Game_Launch,android,牛牛,36
2019-03-10,Game_Launch,android,奇异马戏团,11
2019-03-10,Game_Launch,android,抢庄牛牛,86
2019-03-10,Game_Launch,android,抢庄牌九,5
2019-03-10,Game_Launch,android,权利的游戏,8
2019-03-10,Game_Launch,android,三公,4
2019-03-10,Game_Launch,android,森林舞会,29
2019-03-10,Game_Launch,android,闪亮之屋,9
2019-03-10,Game_Launch,android,十三水,15
2019-03-10,Game_Launch,android,水牛闪电战,33
2019-03-10,Game_Launch,android,糖果甜心,9
2019-03-10,Game_Launch,android,糖果之星2,5
2019-03-10,Game_Launch,android,通比牛牛,16
2019-03-10,Game_Launch,android,骰宝,8
2019-03-10,Game_Launch,android,虚拟运动,17
2019-03-10,Game_Launch,android,银行爆破家2,8
2019-03-10,Game_Launch,android,炸金花,73
2019-03-10,Game_Launch,android,招财进宝,4
2019-03-10,Game_Launch,android,真人百家乐,73
2019-03-10,Game_Launch,android,直播厅,60
2019-03-10,Game_Launch,android,足球,3318
2019-03-10,Game_Launch,android,ABT,36
2019-03-10,Game_Launch,android,AG,42
2019-03-10,Game_Launch,android,AGIN+百家乐,85
2019-03-10,Game_Launch,android,AGL,225
2019-03-10,Game_Launch,android,AGQ+百家乐,25
2019-03-10,Game_Launch,android,BSG,24
2019-03-10,Game_Launch,android,CW,4
2019-03-10,Game_Launch,android,GD杭州娱乐场(百家乐简易版),5
2019-03-10,Game_Launch,android,GDL,56
2019-03-10,Game_Launch,android,IM+电子竞技,59
2019-03-10,Game_Launch,android,IM+体育博彩,664
2019-03-10,Game_Launch,android,IPES,59
2019-03-10,Game_Launch,android,IPSB,664
2019-03-10,Game_Launch,android,KYG,401
2019-03-10,Game_Launch,android,MGSQF,134
2019-03-10,Game_Launch,android,NLE,33
2019-03-10,Game_Launch,android,Oz之书,5
2019-03-10,Game_Launch,android,PT,58
2019-03-10,Game_Launch,android,RTG,4
2019-03-10,Game_Launch,android,SAL,33
2019-03-10,Game_Launch,android,SPG,4
2019-03-10,Game_Launch,android,SPSB,4008
2019-03-10,Game_Launch,android,TG,36
2019-03-10,Game_Launch,android,VR+快乐彩,56
2019-03-10,Game_Launch,android,VRL,56
2019-03-10,GameLaunch,ios,21点,22
2019-03-10,GameLaunch,ios,3D老虎机,3
2019-03-10,GameLaunch,ios,5雄狮,7
2019-03-10,GameLaunch,ios,百家乐,17
2019-03-10,GameLaunch,ios,百练赛,31
2019-03-10,GameLaunch,ios,百人牛牛,18
2019-03-10,GameLaunch,ios,冰球突破,2
2019-03-10,GameLaunch,ios,不朽情缘,10
2019-03-10,GameLaunch,ios,财富转转转,2
2019-03-10,GameLaunch,ios,财运,1
2019-03-10,GameLaunch,ios,彩票,152
2019-03-10,GameLaunch,ios,丛林中的罗宾,1
2019-03-10,GameLaunch,ios,德州扑克,82
2019-03-10,GameLaunch,ios,电子竞技,48
2019-03-10,GameLaunch,ios,斗地主,19
2019-03-10,GameLaunch,ios,法老王的宝藏豪华版,1
2019-03-10,GameLaunch,ios,疯狂的猴子,56
2019-03-10,GameLaunch,ios,功夫传奇对决,1
2019-03-10,GameLaunch,ios,冠军杯,1
2019-03-10,GameLaunch,ios,黑暗故事+神秘深红,2
2019-03-10,GameLaunch,ios,劲爆小辣椒,1
2019-03-10,GameLaunch,ios,巨大犀牛,1
2019-03-10,GameLaunch,ios,巨钻珍宝,1
2019-03-10,GameLaunch,ios,聚龙厅,4
2019-03-10,GameLaunch,ios,开元棋牌,547
2019-03-10,GameLaunch,ios,来自星星的它,1
2019-03-10,GameLaunch,ios,篮球,937
2019-03-10,GameLaunch,ios,老虎机,128
2019-03-10,GameLaunch,ios,老虎机怪兽,1
2019-03-10,GameLaunch,ios,老虎机教父+2,3
2019-03-10,GameLaunch,ios,龙族传说,1
2019-03-10,GameLaunch,ios,轮盘,20
2019-03-10,GameLaunch,ios,妹妹很饿,5
2019-03-10,GameLaunch,ios,秘密行动+雪诺和塞布尔,1
2019-03-10,GameLaunch,ios,牛牛,39
2019-03-10,GameLaunch,ios,抢庄牛牛,226
2019-03-10,GameLaunch,ios,抢庄牌九,2
2019-03-10,GameLaunch,ios,三公,16
2019-03-10,GameLaunch,ios,森林舞会,10
2019-03-10,GameLaunch,ios,十三水,23
2019-03-10,GameLaunch,ios,水牛闪电战,1
2019-03-10,GameLaunch,ios,太空熊猫,1
2019-03-10,GameLaunch,ios,糖果甜心,14
2019-03-10,GameLaunch,ios,体育,3442
2019-03-10,GameLaunch,ios,伟大魔术师,1
2019-03-10,GameLaunch,ios,旋风农场,1
2019-03-10,GameLaunch,ios,押庄龙虎,7
2019-03-10,GameLaunch,ios,夜店之王,3
2019-03-10,GameLaunch,ios,银行爆破家2,1
2019-03-10,GameLaunch,ios,娱乐场,310
2019-03-10,GameLaunch,ios,炸金花,101
2019-03-10,GameLaunch,ios,真人百家乐,18
2019-03-10,GameLaunch,ios,直播厅,24
2019-03-10,GameLaunch,ios,足球,2054
2019-03-10,GameLaunch,ios,AGIN+百家乐,156
2019-03-10,GameLaunch,ios,AGQ+百家乐,31
2019-03-10,GameLaunch,ios,GD杭州娱乐场(百家乐简易版),15
2019-03-10,GameLaunch,ios,IM+电子竞技,48
2019-03-10,GameLaunch,ios,IM+体育博彩,406
2019-03-10,GameLaunch,ios,VR+快乐彩,152
